Workbook

Sheet tong_hop
A1: Tổng hợp error_audit (tự tính lại khi sửa nhãn ở sheet error_audit)
A3: Loại lỗi | B3: ViVQA (n) | C3: ViVQA (%) | D3: ViTextVQA (n) | E3: ViTextVQA (%) | F3: Tổng (n) | G3: Tổng (%)
A4: Định dạng / độ dài (ý đúng) | B4: =COUNTIFS(error_audit!$L$2:$L$201,A4,error_audit!$B$2:$B$201,"vivqa") | C4: =B4/COUNTIF(error_audit!$B$2:$B$201,"vivqa") | D4: =COUNTIFS(error_audit!$L$2:$L$201,A4,error_audit!$B$2:$B$201,"vitextvqa") | E4: =D4/COUNTIF(error_audit!$B$2:$B$201,"vitextvqa") | F4: =COUNTIF(error_audit!$L$2:$L$201,A4) | G4: =F4/200
A5: Đồng nghĩa / khác từ (ý đúng) | B5: =COUNTIFS(error_audit!$L$2:$L$201,A5,error_audit!$B$2:$B$201,"vivqa") | C5: =B5/COUNTIF(error_audit!$B$2:$B$201,"vivqa") | D5: =COUNTIFS(error_audit!$L$2:$L$201,A5,error_audit!$B$2:$B$201,"vitextvqa") | E5: =D5/COUNTIF(error_audit!$B$2:$B$201,"vitextvqa") | F5: =COUNTIF(error_audit!$L$2:$L$201,A5) | G5: =F5/200
A6: Đọc chữ sai (OCR) | B6: =COUNTIFS(error_audit!$L$2:$L$201,A6,error_audit!$B$2:$B$201,"vivqa") | C6: =B6/COUNTIF(error_audit!$B$2:$B$201,"vivqa") | D6: =COUNTIFS(error_audit!$L$2:$L$201,A6,error_audit!$B$2:$B$201,"vitextvqa") | E6: =D6/COUNTIF(error_audit!$B$2:$B$201,"vitextvqa") | F6: =COUNTIF(error_audit!$L$2:$L$201,A6) | G6: =F6/200
A7: Sai dấu thanh | B7: =COUNTIFS(error_audit!$L$2:$L$201,A7,error_audit!$B$2:$B$201,"vivqa") | C7: =B7/COUNTIF(error_audit!$B$2:$B$201,"vivqa") | D7: =COUNTIFS(error_audit!$L$2:$L$201,A7,error_audit!$B$2:$B$201,"vitextvqa") | E7: =D7/COUNTIF(error_audit!$B$2:$B$201,"vitextvqa") | F7: =COUNTIF(error_audit!$L$2:$L$201,A7) | G7: =F7/200
A8: Sai vùng / không có trong ảnh (hallucination) | B8: =COUNTIFS(error_audit!$L$2:$L$201,A8,error_audit!$B$2:$B$201,"vivqa") | C8: =B8/COUNTIF(error_audit!$B$2:$B$201,"vivqa") | D8: =COUNTIFS(error_audit!$L$2:$L$201,A8,error_audit!$B$2:$B$201,"vitextvqa") | E8: =D8/COUNTIF(error_audit!$B$2:$B$201,"vitextvqa") | F8: =COUNTIF(error_audit!$L$2:$L$201,A8) | G8: =F8/200
A9: Code-switching (tiếng Anh) | B9: =COUNTIFS(error_audit!$L$2:$L$201,A9,error_audit!$B$2:$B$201,"vivqa") | C9: =B9/COUNTIF(error_audit!$B$2:$B$201,"vivqa") | D9: =COUNTIFS(error_audit!$L$2:$L$201,A9,error_audit!$B$2:$B$201,"vitextvqa") | E9: =D9/COUNTIF(error_audit!$B$2:$B$201,"vitextvqa") | F9: =COUNTIF(error_audit!$L$2:$L$201,A9) | G9: =F9/200
A10: Đếm sai | B10: =COUNTIFS(error_audit!$L$2:$L$201,A10,error_audit!$B$2:$B$201,"vivqa") | C10: =B10/COUNTIF(error_audit!$B$2:$B$201,"vivqa") | D10: =COUNTIFS(error_audit!$L$2:$L$201,A10,error_audit!$B$2:$B$201,"vitextvqa") | E10: =D10/COUNTIF(error_audit!$B$2:$B$201,"vitextvqa") | F10: =COUNTIF(error_audit!$L$2:$L$201,A10) | G10: =F10/200
A11: Gold sai / nhiễu | B11: =COUNTIFS(error_audit!$L$2:$L$201,A11,error_audit!$B$2:$B$201,"vivqa") | C11: =B11/COUNTIF(error_audit!$B$2:$B$201,"vivqa") | D11: =COUNTIFS(error_audit!$L$2:$L$201,A11,error_audit!$B$2:$B$201,"vitextvqa") | E11: =D11/COUNTIF(error_audit!$B$2:$B$201,"vitextvqa") | F11: =COUNTIF(error_audit!$L$2:$L$201,A11) | G11: =F11/200
A12: Khác | B12: =COUNTIFS(error_audit!$L$2:$L$201,A12,error_audit!$B$2:$B$201,"vivqa") | C12: =B12/COUNTIF(error_audit!$B$2:$B$201,"vivqa") | D12: =COUNTIFS(error_audit!$L$2:$L$201,A12,error_audit!$B$2:$B$201,"vitextvqa") | E12: =D12/COUNTIF(error_audit!$B$2:$B$201,"vitextvqa") | F12: =COUNTIF(error_audit!$L$2:$L$201,A12) | G12: =F12/200
A13: B2 đúng ý (b2_dung_nghia = Có) | B13: =COUNTIFS(error_audit!$M$2:$M$201,"Có",error_audit!$B$2:$B$201,"vivqa") | C13: =B13/COUNTIF(error_audit!$B$2:$B$201,"vivqa") | D13: =COUNTIFS(error_audit!$M$2:$M$201,"Có",error_audit!$B$2:$B$201,"vitextvqa") | E13: =D13/COUNTIF(error_audit!$B$2:$B$201,"vitextvqa") | F13: =COUNTIF(error_audit!$M$2:$M$201,"Có") | G13: =F13/200
A14: Hallucination = Có | B14: =COUNTIFS(error_audit!$N$2:$N$201,"Có",error_audit!$B$2:$B$201,"vivqa") | C14: =B14/COUNTIF(error_audit!$B$2:$B$201,"vivqa") | D14: =COUNTIFS(error_audit!$N$2:$N$201,"Có",error_audit!$B$2:$B$201,"vitextvqa") | E14: =D14/COUNTIF(error_audit!$B$2:$B$201,"vitextvqa") | F14: =COUNTIF(error_audit!$N$2:$N$201,"Có") | G14: =F14/200
A15: Cần xem lại (X) | B15: =COUNTIFS(error_audit!$R$2:$R$201,"X",error_audit!$B$2:$B$201,"vivqa") | C15: =B15/COUNTIF(error_audit!$B$2:$B$201,"vivqa") | D15: =COUNTIFS(error_audit!$R$2:$R$201,"X",error_audit!$B$2:$B$201,"vitextvqa") | E15: =D15/COUNTIF(error_audit!$B$2:$B$201,"vitextvqa") | F15: =COUNTIF(error_audit!$R$2:$R$201,"X") | G15: =F15/200
A17: Ghi chú: mẫu = 200 câu B2 trả lời SAI theo EM (100 ViVQA + 100 ViTextVQA). Tỉ lệ là tỉ lệ TRONG MẪU LỖI, không phải trên toàn bộ test.
A18: Quy trình: Claude gán nhãn sơ bộ (AI-assisted pre-annotation) → Hoàng duyệt cả 200 dòng (human-verified). Số cuối dùng sau khi duyệt.

Sheet huong_dan
A1: Mục đích | B1: Duyệt tay 400 mẫu để (1) đo nhiễu nhãn của dataset, (2) phân loại lỗi của B2 cho error/hallucination analysis.
A2: Cách làm | B2: Mở ảnh bằng link ở cột 'anh' (hoặc tìm theo tên file trong thư mục images/). Chọn nhãn ở các cột màu vàng bằng dropdown; ghi chú nếu cần.
A3: data_audit | B3: Mẫu TRAIN. 'nhan_goc' = nhãn gốc đúng/sai/mơ hồ so với ảnh; 'loai_van_de' theo danh sách; nếu sai ghi đáp án đúng.
A4: error_audit | B4: Câu TEST B2 sai EM. 'loai_loi' = nguyên nhân chính (1 nhãn); 'b2_dung_nghia' = Có nếu người đọc chấp nhận câu trả lời của B2; 'hallucination' = Có nếu B2 nói thứ KHÔNG có trong ảnh.
A5: Nhãn data_audit | B5: OK | Dịch sai / dịch máy (vd 'tía') | Sai dấu thanh / chính tả | Đáp án không khớp ảnh | Câu hỏi mơ hồ / nhiều đáp án đúng | Đáp án không chuẩn hoá (dài, thừa chữ) | Khác
A6: Nhãn error_audit | B6: Định dạng / độ dài (ý đúng) | Đồng nghĩa / khác từ (ý đúng) | Đọc chữ sai (OCR) | Sai dấu thanh | Sai vùng / không có trong ảnh (hallucination) | Code-switching (tiếng Anh) | Đếm sai | Gold sai / nhiễu | Khác
A7: Phân công gợi ý | B7: SV2 (Dataset/OCR): data_audit. SV4 (Evaluation) + Hoàng: error_audit. ≈30 giây/dòng -> ≈1,5–2 giờ/200 dòng.
A8: Quy tắc | B8: Không sửa các cột không tô vàng. Mỗi người điền tên ở cột 'nguoi_duyet'. Dòng khó: chọn 'Khác' + ghi chú, không đoán.
A9: Chọn mẫu | B9: Tất định, seed 42: data_audit ViVQA 25 mẫu/loại câu hỏi (color, location, number, object), ViTextVQA 100 mẫu ngẫu nhiên; error_audit 100 câu B2 sai EM mỗi dataset.

Sheet data_audit
A1: stt | B1: dataset | C1: question_id | D1: question_type | E1: anh | F1: question | G1: answers | H1: nhan_goc | I1: loai_van_de | J1: dap_an_dung_neu_sai | K1: ghi_chu | L1: nguoi_duyet
A2: 1 | B2: vivqa | C2: train_2151 | D2: color | E2: COCO_train2014_000000214022.jpg | F2: màu sắc của những con chim là gì | G2: màu xanh lá
A3: 2 | B3: vivqa | C3: train_458 | D3: color | E3: COCO_train2014_000000272040.jpg | F3: màu của chiếc xe là gì | G3: màu xám
A4: 3 | B4: vivqa | C4: train_5352 | D4: color | E4: COCO_train2014_000000181104.jpg | F4: màu của tường là gì | G4: màu đen
A5: 4 | B5: vivqa | C5: train_4775 | D5: color | E5: COCO_train2014_000000378832.jpg | F5: màu của con mèo là gì | G5: màu cam
A6: 5 | B6: vivqa | C6: train_4337 | D6: color | E6: COCO_train2014_000000426470.jpg | F6: màu sắc của biển là gì | G6: màu xanh dương
A7: 6 | B7: vivqa | C7: train_2696 | D7: color | E7: COCO_train2014_000000285042.jpg | F7: màu của cưỡi là gì | G7: màu xanh lá
A8: 7 | B8: vivqa | C8: train_2019 | D8: color | E8: COCO_train2014_000000213536.jpg | F8: màu của bầu trời là gì | G8: màu xám
A9: 8 | B9: vivqa | C9: train_10785 | D9: color | E9: COCO_train2014_000000385844.jpg | F9: màu của nhà vệ sinh là gì | G9: màu xanh lá
A10: 9 | B10: vivqa | C10: train_1706 | D10: color | E10: COCO_train2014_000000539675.jpg | F10: màu của tường là gì | G10: màu xám
A11: 10 | B11: vivqa | C11: train_8289 | D11: color | E11: COCO_train2014_000000394483.jpg | F11: màu của áo là gì | G11: màu xanh dương
A12: 11 | B12: vivqa | C12: train_578 | D12: color | E12: COCO_train2014_000000176249.jpg | F12: màu của vòi nước là gì | G12: màu vàng
A13: 12 | B13: vivqa | C13: train_561 | D13: color | E13: COCO_train2014_000000324663.jpg | F13: màu của cánh buồm là gì | G13: màu vàng
... A201: 200 | B201: vitextvqa | C201: train_14431 | D201: unknown | E201: 4825.jpg | F201: bảng quảng cáo được làm với giá như thế nào ? | G201: giá rẻ

Sheet error_audit
A1: stt | B1: dataset | C1: question_id | D1: question_type | E1: anh | F1: question | G1: gold | H1: B1 | I1: B2 | J1: R1 | K1: ANLS_B2 | L1: loai_loi | M1: b2_dung_nghia | N1: hallucination | O1: ghi_chu | P1: nguoi_duyet | Q1: ly_do_claude | R1: can_xem_lai | S1: nhan_cu_cua_Hoang (dong 1-10)
A2: 1 | B2: vivqa | C2: test_638 | D2: location | E2: COCO_train2014_000000142563.jpg | F2: người đàn ông cưỡi một con ngựa ở đâu | G2: chuồng | H2: trang trại | I2: sân vận động | K2: 0 | L2: Khác | M2: Không | N2: Không | O2: sân vận động khác với trang trại và chuồng | Q2: Đấu trường rodeo có khán đài; 'sân vận động' gần nhưng khác gold 'chuồng' (corral). Không bịa vật thể. | S2: ĐÃ SỬA — hallucination: 'Có' → 'Không'
A3: 2 | B3: vivqa | C3: test_1277 | D3: location | E3: COCO_val2014_000000161470.jpg | F3: chim bắn nước tung tóe ở đâu | G3: bồn tắm | H3: trên bể nước | I3: bồn | K3: 0 | L3: Định dạng / độ dài (ý đúng) | M3: Có | N3: Không | Q3: Bồn tắm chim; B2 thiếu chữ 'tắm'. | S3: Giữ nguyên
A4: 3 | B4: vivqa | C4: test_1061 | D4: location | E4: COCO_train2014_000000237762.jpg | F4: một số xoài và chuối được đặt ở đâu | G4: đĩa ăn | H4: trên đĩa | I4: bát | K4: 0 | L4: Đồng nghĩa / khác từ (ý đúng) | M4: Có | N4: Không | Q4: Đĩa vuông sâu lòng, gọi 'bát' chấp nhận được. | S4: Giữ nguyên
A5: 4 | B5: vivqa | C5: test_942 | D5: location | E5: COCO_train2014_000000287998.jpg | F5: những trái cam được đặt ở đâu | G5: cái rổ | H5: trên bát hứng | I5: chậu | K5: 0 | L5: Khác | M5: Không | N5: Không | Q5: Cam trong rổ inox (colander) đặt trong bồn rửa; 'chậu' sai vật chứa. | S5: ĐÃ SỬA — loai_loi: 'Đồng nghĩa / khác từ (ý đúng)' → 'Khác'; b2_dung_nghia: 'Có' → 'Không'
A6: 5 | B6: vivqa | C6: test_1807 | D6: object | E6: COCO_val2014_000000558633.jpg | F6: nhóm ăn gì ở bàn có đĩa màu đỏ và trắng | G6: bữa ăn tối | H6: bánh mì | I6: bữa ăn | K6: 0.6 | L6: Định dạng / độ dài (ý đúng) | M6: Có | N6: Không | Q6: Thiếu chữ 'tối'. | S6: Giữ nguyên
A7: 6 | B7: vivqa | C7: test_1687 | D7: object | E7: COCO_val2014_000000477010.jpg | F7: người đàn ông giao những gì theo dõi khán giả | G7: quả bóng | H7: đánh tennis | I7: vợt | K7: 0 | L7: Khác | M7: Không | N7: Không | O7: gold là quả bóng nó khác với vợt | Q7: Câu hỏi dịch máy ('serve' -> 'giao'); đáp án là quả bóng, B2 nêu cây vợt có trong ảnh. | S7: ĐÃ SỬA — hallucination: 'Có' → 'Không'
A8: 7 | B8: vivqa | C8: test_1622 | D8: object | E8: COCO_val2014_000000399274.jpg | F8: những gì chuyến tàu di chuyển nhanh chóng, mọi thứ xung quanh mờ nhạt | G8: đường sắt | H8: Đường sắt. | I8: tàu hỏa | K8: 0 | L8: Khác | M8: Không | N8: Không | O8: câu trả lời là đường sắt nhưng B2 lại trả lời là tàu hỏa | Q8: Câu hỏi dịch máy khó hiểu; tàu hỏa có trong ảnh. B1 đúng, B2 sai. | S8: ĐÃ SỬA — hallucination: 'Có' → 'Không'
A9: 8 | B9: vivqa | C9: test_1372 | D9: object | E9: COCO_val2014_000000437789.jpg | F9: cái gì cùng với cam, cà rốt, bông cải xanh và các loại thực phẩm khác | G9: quả táo | H9: hạt dẻ | I9: táo | K9: 0 | L9: Định dạng / độ dài (ý đúng) | M9: Có | N9: Không | Q9: Thiếu chữ 'quả'. | S9: ĐÃ SỬA — b2_dung_nghia: 'Không' → 'Có'
A10: 9 | B10: vivqa | C10: test_926 | D10: location | E10: COCO_train2014_000000122937.jpg | F10: em bé đang ngồi ở đâu | G10: găng tay | H10: trên găng tay baseball | I10: giường | K10: 0 | L10: Sai vùng / không có trong ảnh (hallucination) | M10: Không | N10: Có | O10: gold là găng tay nhưng b2 là trên giường | Q10: Em bé nằm trong găng tay bóng chày; không có giường. B1 đúng ý. | S10: ĐÃ SỬA — loai_loi: 'Khác' → 'Sai vùng / không có trong ảnh (hallucination)'
A11: 10 | B11: vivqa | C11: test_1260 | D11: location | E11: COCO_train2014_000000277746.jpg | F11: người phụ nữ đang đứng ở đâu khi uống đồ uống | G11: nhà vệ sinh | H11: bathroom | I11: phòng tắm | K11: 0 | L11: Đồng nghĩa / khác từ (ý đúng) | M11: Có | N11: Không | Q11: Nhà vệ sinh công cộng; 'phòng tắm' đồng nghĩa. | S11: Giữ nguyên
A12: 11 | B12: vivqa | C12: test_726 | D12: location | E12: COCO_train2014_000000013922.jpg | F12: chuối và các thành phần khác ở đâu | G12: cái nồi | H12: trên đĩa | I12: bát | K12: 0 | L12: Đồng nghĩa / khác từ (ý đúng) | M12: Có | N12: Không | Q12: Vật chứa mơ hồ (cối máy xay/nồi/bát); 'bát' chấp nhận được.
A13: 12 | B13: vivqa | C13: test_935 | D13: location | E13: COCO_train2014_000000154547.jpg | F13: nơi để đồ cho trẻ mới biết đi và đeo ván trượt, mỉm cười trước ống kính ở đâu | G13: trượt tuyết | H13: trong rừng | I13: đường bộ | K13: 0 | L13: Khác | M13: Không | N13: Không | Q13: Câu hỏi dịch máy khó hiểu; bé trượt tuyết trên đường tuyết.
A14: 13 | B14: vivqa | C14: test_2844 | D14: number | E14: COCO_val2014_000000117222.jpg | F14: có bao nhiêu người đàn ông đi xe đạp với một đống chuối lớn | G14: hai | H14: 2 | I14: ba | K14: 0 | L14: Đếm sai | M14: Không | N14: Không | Q14: 1 người đạp xe chở chuối + 2 người đi xe máy; B2 đếm cả 3.
A15: 14 | B15: vivqa | C15: test_1225 | D15: location | E15: COCO_train2014_000000036341.jpg | F15: đứa trẻ đang tập đánh bóng ở đâu | G15: lồng | H15: Trường học. | I15: chuồng | K15: 0.5 | L15: Khác | M15: Không | N15: Không | Q15: Lồng tập đánh bóng (batting cage); 'chuồng' sai từ.
A16: 15 | B16: vivqa | C16: test_359 | D16: color | E16: COCO_train2014_000000301943.jpg | F16: màu của con chó là gì | G16: màu nâu | H16: Đen, trắng, và vàng. | I16: màu trắng | K16: 0 | L16: Gold sai / nhiễu | M16: Có | N16: Không | Q16: Chó trắng-đen có vệt nâu; gold chỉ 1 màu (nhiễu N1), 'trắng' cũng hợp lý.
A17: 16 | B17: vivqa | C17: test_2370 | D17: object | E17: COCO_val2014_000000462006.jpg | F17: người phụ nữ cầm một em bé đang ăn gì | G17: cà rốt | H17: carrot | I17: hạt | K17: 0 | L17: Sai vùng / không có trong ảnh (hallucination) | M17: Không | N17: Có | Q17: Bé ăn cà rốt; không có 'hạt'. B1 'carrot' đúng ý nhưng tiếng Anh.
A18: 17 | B18: vivqa | C18: test_1079 | D18: location | E18: COCO_train2014_000000044240.jpg | F18: xe máy cổ điển đang đậu ở đâu | G18: đường phố | H18: Đường. | I18: sân | K18: 0 | L18: Gold sai / nhiễu | M18: Có | N18: Không | Q18: Xe máy đỗ cạnh bãi cỏ trước nhà; 'sân' hợp lý hơn gold 'đường phố'.
A19: 18 | B19: vivqa | C19: test_1072 | D19: location | E19: COCO_train2014_000000476993.jpg | F19: mặt phẳng trắng, cam và đỏ còn lại ở đâu | G19: sân bay | H19: trên máy bay | I19: hành lang | K19: 0 | L19: Sai vùng / không có trong ảnh (hallucination) | M19: Không | N19: Có | Q19: Máy bay trước nhà chứa máy bay; không có 'hành lang'.
A20: 19 | B20: vivqa | C20: test_1235 | D20: location | E20: COCO_train2014_000000036482.jpg | F20: người lính đang giữ một chiếc xe đạp màu xanh ở đâu | G20: văn phòng | H20: trong phòng | I20: phòng | K20: 0.556 | L20: Định dạng / độ dài (ý đúng) | M20: Có | N20: Không | Q20: Văn phòng; B2 'phòng' thiếu chữ.
A21: 20 | B21: vivqa | C21: test_1604 | D21: object | E21: COCO_val2014_000000335810.jpg | F21: những gì chứa đầy cam lát bên cạnh một đống chuối | G21: đĩa ăn | H21: cam lát | I21: bát | K21: 0 | L21: Khác | M21: Không | N21: Không | Q21: Cam lát trên đĩa; gọi nhầm vật chứa thành 'bát'.
A22: 21 | B22: vivqa | C22: test_165 | D22: color | E22: COCO_train2014_000000415222.jpg | F22: màu của quả táo là gì | G22: màu cam | H22: xanh lá cây | I22: màu xanh lá | K22: 0 | L22: Gold sai / nhiễu | M22: Có | N22: Không | Q22: Quả táo màu xanh lá; gold 'màu cam' là màu của quả cam bên cạnh (nhãn sai).
A23: 22 | B23: vivqa | C23: test_27 | D23: color | E23: COCO_train2014_000000087598.jpg | F23: màu của áo là gì | G23: màu đỏ | H23: Đỏ | I23: màu tía | K23: 0 | L23: Gold sai / nhiễu | M23: Có | N23: Không | Q23: Áo thun màu tím, áo phao màu đỏ; B2 đúng ý nhưng dùng 'tía' (học từ nhãn dịch máy).
... A101: 100 | B101: vivqa | C101: test_1612 | D101: object | E101: COCO_val2014_000000542325.jpg | F101: có gì đang ngồi trên một kệ trong lối vào của một ngôi nhà | G101: tượng đài | H101: đồ trang trí | I101: bức ảnh | K101: 0 | L101: Khác | M101: Không | N101: Không | Q101: Trên kệ là tượng; B2 'bức ảnh' (tranh treo tường có trong ảnh).
A102: 101 | B102: vitextvqa | C102: test_40032 | D102: unknown | E102: 13399.jpg | F102: trung tâm này đến từ đâu ? | G102: usatutoring | H102: Mỹ | I102: usa tutoring | J102: Trung tâm này đến từ Việt Nam. | K102: 0.917 | L102: Định dạng / độ dài (ý đúng) | M102: Có | N102: Không | Q102: Biển ghi 'USATutoring'; B2 đọc đúng, chỉ tách chữ khác gold.
A103: 102 | B103: vitextvqa | C103: test_15216 | D103: unknown | E103: 5073.jpg | F103: thời gian bức ảnh này được chụp là gì ? | G103: xuân canh tý 2020 | H103: 2020 | I103: 2020 | J103: Không thể xác định thời gian chụp ảnh từ bức ảnh này. | K103: 0 | L103: Định dạng / độ dài (ý đúng) | M103: Có | N103: Không | Q103: Banner 'Mừng Xuân Canh Tý 2020'; B2 chỉ trả '2020'.
A104: 103 | B104: vitextvqa | C104: test_11203 | D104: unknown | E104: 3771.jpg | F104: tuyên nguyễn là tên của cửa tiệm chuyên việc gì ? | G104: photocopy | H104: Tuyên Nguyễn là tên của cửa tiệm chuyên in ấn và dịch vụ liên quan như photo, coppy, làm card visit, danh thiếp | I104: photo - coppy | J104: Cửa tiệm chuyên in ấn và dịch vụ văn phòng. | K104: 0.818 | L104: Định dạng / độ dài (ý đúng) | M104: Có | N104: Không | Q104: Biển ghi 'PHOTO COPPY'; B2 chép đúng chữ trên biển, gold đã sửa chính tả.
A105: 104 | B105: vitextvqa | C105: test_44312 | D105: unknown | E105: 14790.jpg | F105: nhà xuất bản của cuốn sách này là ai ? | G105: nhà xuất bản thanh hóa | H105: Nhà xuất bản: Thiện Huệ. | I105: thanh hóa | J105: Nhà xuất bản của cuốn sách này là Thanh Hóa. | K105: 0 | L105: Định dạng / độ dài (ý đúng) | M105: Có | N105: Không | Q105: Thiếu 'nhà xuất bản'.
A106: 105 | B106: vitextvqa | C106: test_23522 | D106: unknown | E106: 7894.jpg | F106: nội dung bức hình là gì ? | G106: hoa kì phản đối hành vi gây hấn và khiêu khích của trung quốc | H106: Ngoại trưởng Mỹ Mike Pompeo nói rằng Trung Quốc phản đối hành vi gây hấn và khiêu khích của mình. | I106: hoa kỳ phản đối hành vi gây hấn và khiêu khích của trung quốc | J106: Bức hình là một trích dẫn từ một bài phát biểu của Ngoại trưởng Mỹ Mike Pompeo, nói về việc Trung Quốc gây hấn và khích | K106: 0.984 | L106: Gold sai / nhiễu | M106: Có | N106: Không | Q106: Ảnh ghi 'HOA KỲ'; B2 đúng, gold viết 'kì' (biến thể chính tả).
A107: 106 | B107: vitextvqa | C107: test_22027 | D107: unknown | E107: 7405.jpg | F107: số điện thoại liên lạc cho tiệm gia phú là gì ? | G107: 0702 200 670 - 0707 219 670 | H107: 0702 200 670, 0702 219 670 | I107: 0702 200 670 - 0702 219 670 | J107: 0702 200 670 - 0702 219 670 | K107: 0.96 | L107: Gold sai / nhiễu | M107: Có | N107: Không | Q107: Biển ghi 0702 200 670 - 0702 219 670; B2 đúng, gold sai số.
A108: 107 | B108: vitextvqa | C108: test_20815 | D108: unknown | E108: 6980.jpg | F108: chữ trên áo người mặc áo xanh dương là gì ? | G108: bemin | H108: GEMINI | I108: gome | J108: GOGO | K108: 0 | L108: Đọc chữ sai (OCR) | M108: Không | N108: Không | Q108: Áo khoác ghi 'BEMIN'; B2 đọc thành 'gome'.
A109: 108 | B109: vitextvqa | C109: test_16369 | D109: unknown | E109: 5461.jpg | F109: dàn sản phẩm trong ảnh là gì ? | G109: táo & kiwi new zealand | H109: Táo & Kiwi New Zealand | I109: táo & kiwi | J109: Dàn sản phẩm trong ảnh là các loại trái cây, cụ thể là táo và kiwi từ New Zealand. | K109: 0 | L109: Định dạng / độ dài (ý đúng) | M109: Có | N109: Không | Q109: Thiếu 'new zealand'.
A110: 109 | B110: vitextvqa | C110: test_43827 | D110: unknown | E110: 14622.jpg | F110: cửa hàng có bán món an gì về thịt nướng ? | G110: bún thịt nướng | H110: Bún thịt nướng | I110: bánh ướt | J110: Cửa hàng bán bún thịt nướng. | K110: 0 | L110: Sai vùng / không có trong ảnh (hallucination) | M110: Không | N110: Không | Q110: Biển có cả 'bún thịt nướng' và 'bánh ướt'; B2 đọc nhầm dòng (chữ có thật).
A111: 110 | B111: vitextvqa | C111: test_14748 | D111: unknown | E111: 4928.jpg | F111: thiên hương là cửa hàng gì ? | G111: đại lý mè xửng | H111: Thiên Hương là cửa hàng như Huê. | I111: như huệ | J111: Thiên Hương là cửa hàng nhu huế. | K111: 0 | L111: Sai vùng / không có trong ảnh (hallucination) | M111: Không | N111: Không | Q111: Biển: 'Đại lý mè xửng Thiên Hương — Cửa hàng Như Huệ'; B2 đọc nhầm vùng chữ.
A112: 111 | B112: vitextvqa | C112: test_41638 | D112: unknown | E112: 13923.jpg | F112: ted osius là ai ? | G112: cựu đại sứ quán mỹ tại việt nam | H112: Ted Osius là một cựu Đại sứ Mỹ tại Việt Nam. | I112: cựu đại sứ mỹ tại việt nam | J112: Ted Osius là Cự Đại sứ Mỹ tại Việt Nam. | K112: 0.839 | L112: Gold sai / nhiễu | M112: Có | N112: Không | Q112: Ảnh ghi 'Cựu Đại sứ Mỹ tại Việt Nam'; B2 đúng, gold thừa 'quán'.
A113: 112 | B113: vitextvqa | C113: test_44289 | D113: unknown | E113: 14783.jpg | F113: tên nội dung của bài báo ? | G113: sài gòn xưa | H113: Saigon Xưa | I113: saigon xưa | J113: "Saigon in ancient time" | K113: 0.727 | L113: Sai dấu thanh | M113: Có | N113: Không | Q113: Ảnh 'SÀIGÒN XƯA'; B2 viết 'saigon' (mất dấu, dính chữ).
... A121: 120 | B121: vitextvqa | C121: test_14358 | D121: unknown | E121: 4804.jpg | F121: trên áo màu xanh có chữ gì vậy ? | G121: đong tay tci | H121: DONG TAY TCi | I121: dong tay tcj | J121: DONG TAY TCI | K121: 0.833 | L121: Đọc chữ sai (OCR) | M121: Không | N121: Không | Q121: Áo ghi 'TCi'; B2 đọc thành 'tcj'.
A122: 121 | B122: vitextvqa | C122: test_20527 | D122: unknown | E122: 6882.jpg | F122: bên phải dòng người có bán gì ? | G122: coffee | H122: Đèn và hàng hóa. | I122: đồ nâu | J122: Bên phải dòng người có bán quần áo. | K122: 0 | L122: Sai vùng / không có trong ảnh (hallucination) | M122: Không | N122: Có | Q122: Gold là biển 'coffee'; không thấy chữ/vật 'đồ nâu' trong ảnh (không chắc chắn, cần xem lại). | R122: X
A123: 122 | B123: vitextvqa | C123: test_21326 | D123: unknown | E123: 7156.jpg | F123: trà sâm bí đao như thế nào ? | G123: thổi bay cơn nóng | H123: Trà sâm bí đao ngựa gia. | I123: ngọ gia | J123: Trà sâm bí đao là một loại trà được làm từ sâm và bí đao. | K123: 0 | L123: Sai vùng / không có trong ảnh (hallucination) | M123: Không | N123: Không | Q123: Câu hỏi về slogan 'thổi bay cơn nóng'; B2 đọc tên thương hiệu (và đọc sai) thay vì slogan.
A124: 123 | B124: vitextvqa | C124: test_34404 | D124: unknown | E124: 11430.jpg | F124: đây là nước nào ? | G124: nước cộng hòa xã hội chủ nghĩa việt nam | H124: Việt Nam | I124: cộng hòa xã hội chủ nghĩa việt nam | J124: Việt Nam | K124: 0.872 | L124: Định dạng / độ dài (ý đúng) | M124: Có | N124: Không | Q124: B2 thiếu chữ 'nước' ở đầu, đúng ý.
A125: 124 | B125: vitextvqa | C125: test_38777 | D125: unknown | E125: 12925.jpg | F125: đồ ăn từ nhà hàng tuyết thanh được lấy từ đâu ? | G125: rừng và biển | H125: Đồ ăn từ nhà hàng Tuyết Thanh được lấy từ các vùng biển. | I125: ng và biển | J125: Nhà hàng Tuyết Thanh | K125: 0.833 | L125: Đọc chữ sai (OCR) | M125: Không | N125: Không | Q125: Biển bị che một phần ('...NG VÀ BIỂN'); B2 đọc cụt 'ng và biển'.
A126: 125 | B126: vitextvqa | C126: test_11267 | D126: unknown | E126: 3792.jpg | F126: tên được ghi trên chiếc áo thi đấu trong ảnh là gì ? | G126: ăn cơm cháy | H126: An Cảm Cháy | I126: ăn cỏm cháy | J126: Tên được ghi trên chiếc áo thi đấu trong ảnh là "Án Cóm Cháy". | K126: 0.909 | L126: Gold sai / nhiễu | M126: Có | N126: Không | Q126: Áo in đúng 'ĂN CỎM CHÁY' (chơi chữ); B2 chép trung thực, gold đã sửa thành 'cơm'.
A127: 126 | B127: vitextvqa | C127: test_37125 | D127: unknown | E127: 12393.jpg | F127: thương hiệu trà sữa trong hình có tên là gì ? | G127: phuclong | H127: WinMart+ Phuclong | I127: phuc long | J127: Trà sữa trong hình có tên là "Phuc Long". | K127: 0.889 | L127: Định dạng / độ dài (ý đúng) | M127: Có | N127: Không | Q127: B2 tách 'phuc long' thành 2 từ; đúng ý.
A128: 127 | B128: vitextvqa | C128: test_19555 | D128: unknown | E128: 6535.jpg | F128: ở đây chuyên bán hàng gì ? | G128: chuyên bỏ sỉ | H128: Chuyên bán bỏ sỉ. | I128: bỏ sỉ | J128: Chuyên bán quần áo | K128: 0 | L128: Định dạng / độ dài (ý đúng) | M128: Có | N128: Không | Q128: B2 thiếu chữ 'chuyên'; đúng ý.
A129: 128 | B129: vitextvqa | C129: test_43253 | D129: unknown | E129: 14428.jpg | F129: siêu thị này đang có chương trình trò chơi gì ? | G129: đố vui trực tuyến | H129: Chương trình trò chơi: Tỷ Xu. | I129: tyty xu | J129: Siêu thị này đang có chương trình trò chơi "Tạo Cổ Điển Via Trang Truyện" với giải thưởng lên đến 1 tỷ xu | K129: 0 | L129: Sai vùng / không có trong ảnh (hallucination) | M129: Không | N129: Không | Q129: Biển có '1 TỶ XU' và 'đố vui trực tuyến'; B2 đọc nhầm phần giải thưởng (và đọc sai).
A130: 129 | B130: vitextvqa | C130: test_40386 | D130: unknown | E130: 13524.jpg | F130: mọi người đang đứng trước trung tâm gì ? | G130: saigon centre | H130: Saigon Centre | I130: saigoncentre | J130: Người ta đang đứng trước trung tâm Saigon Centre. | K130: 0.923 | L130: Định dạng / độ dài (ý đúng) | M130: Có | N130: Không | Q130: B2 viết dính 'saigoncentre'; đúng ý.
A131: 130 | B131: vitextvqa | C131: test_42770 | D131: unknown | E131: 14279.jpg | F131: cửa hàng bơ vàng bán loại hàng gì ? | G131: lưu niệm | H131: Bơ Vàng Avocado | I131: souvenir shop | J131: Cửa hàng Bơ Vàng bán túi xách và phụ kiện. | K131: 0 | L131: Code-switching (tiếng Anh) | M131: Có | N131: Không | Q131: B2 trả lời tiếng Anh 'souvenir shop' cho 'lưu niệm' (chữ trên biển là tiếng Anh).
A132: 131 | B132: vitextvqa | C132: test_9445 | D132: unknown | E132: 3178.jpg | F132: số điện thoại liên hệ của cửa hàng này là gì ? | G132: 02513 844 070 - 0940 654 070 | H132: 0936.284.175 | I132: 0935 284 684 | J132: 02513 844 070 - 0940 884 070 | K132: 0 | L132: Đọc chữ sai (OCR) | M132: Không | N132: Không | Q132: Số điện thoại in rất nhỏ trên biển; B2 ra dãy số khác hẳn. Lưu ý: ảnh có vẻ ghi '0940 884 070', gold ghi '654' (có thể gold nhiễu).
A133: 132 | B133: vitextvqa | C133: test_3079 | D133: unknown | E133: 1121.jpg | F133: số điện thoại của quảng cáo đại phát là bao nhiêu ? | G133: 0935 . 790028 | H133: 0935.79 00 28 | I133: 0935 . 79 00 28 | J133: Số điện thoại của Quảng Cáo Đại Phát là 0935.79 00 28. | K133: 0.846 | L133: Định dạng / độ dài (ý đúng) | M133: Có | N133: Không | Q133: Ảnh ghi '0935.79 00 28'; B2 đúng số, chỉ khác cách ngắt khoảng trắng.
A134: 133 | B134: vitextvqa | C134: test_20685 | D134: unknown | E134: 6932.jpg | F134: 1 thùng sữa milo có bao nhiêu hộp ? | G134: 48 hộp x 180ml | H134: 18 hộp | I134: 48 hộp x 100ml | J134: 1 thùng sữa milo có 48 hộp. | K134: 0.929 | L134: Đọc chữ sai (OCR) | M134: Không | N134: Không | Q134: Thùng ghi '48 hộp x 180ml'; B2 đọc sai thành '100ml'.
... A154: 153 | B154: vitextvqa | C154: test_2910 | D154: unknown | E154: 1063.jpg | F154: đây là đâu ? | G154: khu vực phong tỏa | H154: Khu vực phong tỏa phòng chống COVID-19. | I154: khu vực phong tỏa phòng chống covid - 19 | J154: Đây là khu vực phong tỏa phòng chống COVID-19. | K154: 0 | L154: Định dạng / độ dài (ý đúng) | M154: Có | N154: Không | Q154: B2 chép cả băng rôn 'khu vực phong tỏa phòng chống covid-19'; đúng ý, thừa chữ.
A155: 154 | B155: vitextvqa | C155: test_14591 | D155: unknown | E155: 4870.jpg | F155: sogan của xe là gì ? | G155: đón nhà vô địch du lịch châu âu | H155: Đoàn nhà vô địch Du lịch Châu Âu! | I155: đoàn nhà vô địch du lịch châu âu ! | J155: Slogan của xe là "Du lịch Châu Âu!". | K155: 0.938 | L155: Gold sai / nhiễu | M155: Có | N155: Không | Q155: Chữ trên xe nhìn như 'ĐOÀN NHÀ VÔ ĐỊCH'; gold ghi 'đón'. Ảnh nhỏ, không chắc chắn (cần xem lại). | R155: X
A156: 155 | B156: vitextvqa | C156: test_28269 | D156: unknown | E156: 9401.jpg | F156: cửa hàng ở bên phải bức ảnh có tên là gì ? | G156: tấn đạt | H156: Viettel | I156: viettel | J156: Cửa hàng ở bên phải bức ảnh có tên là "Vietnamobile". | K156: 0 | L156: Sai vùng / không có trong ảnh (hallucination) | M156: Không | N156: Không | Q156: Bên phải có biển 'TẤN ĐẠT' và logo 'VIETTEL'; B2 lấy tên nhà mạng thay vì tên cửa hàng (chữ có thật).
A157: 156 | B157: vitextvqa | C157: test_49849 | D157: unknown | E157: 16577.jpg | F157: hotline trong ảnh là gì ? | G157: 0979 815 284 | H157: 0979 812 284 | I157: 0979 812 284 | J157: Hotline trong ảnh là 0907 815 284. | K157: 0.917 | L157: Đọc chữ sai (OCR) | M157: Không | N157: Không | Q157: Hotline ghi 0979 815 284; B2 đọc sai 1 chữ số (812).
A158: 157 | B158: vitextvqa | C158: test_27335 | D158: unknown | E158: 9124.jpg | F158: đây là hẻm như thế nào ? | G158: hẻm tự quản " bảo vệ vùng xanh " | H158: Hẻm tự quản "Bảo vệ vùng xanh" (vùng không có dịch) | I158: hẻm tự quản | J158: Hẻm tự quản "Đạo về vùng xanh" | K158: 0 | L158: Định dạng / độ dài (ý đúng) | M158: Có | N158: Không | Q158: B2 thiếu phần 'bảo vệ vùng xanh'; chỉ đúng một phần (cần xem lại). | R158: X
A159: 158 | B159: vitextvqa | C159: test_38970 | D159: unknown | E159: 13000.jpg | F159: quãng đường đến ubnd xã bình châu còn bao lâu ? | G159: 2 km | H159: 2 km | I159: 2km | J159: 2 km | K159: 0.75 | L159: Định dạng / độ dài (ý đúng) | M159: Có | N159: Không | Q159: Chỉ khác khoảng trắng '2km' / '2 km'.
A160: 159 | B160: vitextvqa | C160: test_22886 | D160: unknown | E160: 7686.jpg | F160: bức hình này được lấy ở web nào ? | G160: www . yan . vn | H160: webvietnamnow.com | I160: vietnamyounow . vn | J160: www.yan.vn | K160: 0 | L160: Đọc chữ sai (OCR) | M160: Không | N160: Không | Q160: Watermark 'www.yan.vn YOUR ADVENTURE NOW'; B2 ghép sai thành 'vietnamyounow.vn'.
A161: 160 | B161: vitextvqa | C161: test_47412 | D161: unknown | E161: 15842.jpg | F161: số điện thoại của afc là gì ? | G161: 02976 . 604 . 999 - 0901 . 111 . 789 | H161: 0976.804.999 | I161: 02976 . 604 . 399 - 0901 . 111 . 789 | J161: 02976.604.999 - 0901.111.789 | K161: 0.962 | L161: Đọc chữ sai (OCR) | M161: Không | N161: Không | Q161: Số ghi 02976.604.999; B2 đọc sai 1 chữ số (399).
A162: 161 | B162: vitextvqa | C162: test_11870 | D162: unknown | E162: 3980.jpg | F162: số trên áo người phụ nữ đầu tiên bên trái là số mấy ? | G162: 43 | H162: 2 | I162: 01 | J162: Số trên áo người phụ nữ đầu tiên bên trái là số 1. | K162: 0 | L162: Gold sai / nhiễu | M162: Không | N162: Không | Q162: Ở độ phân giải này không thấy số '43' trên áo; gold khó kiểm chứng, B2 '01' cũng không có căn cứ (cần xem lại ảnh gốc). | R162: X
A163: 162 | B163: vitextvqa | C163: test_43625 | D163: unknown | E163: 14549.jpg | F163: nguồn của bức ảnh này là gì ? | G163: bđo | H163: Bản địa. | I163: bdo | J163: Bức ảnh này có nguồn từ BDO. | K163: 0.667 | L163: Sai dấu thanh | M163: Có | N163: Không | Q163: Watermark 'BĐO'; B2 viết 'bdo' (đ → d).
A164: 163 | B164: vitextvqa | C164: test_32634 | D164: unknown | E164: 10851.jpg | F164: tiệm bánh bông lan có tên là gì ? | G164: bà xã | H164: Bánh Bông Lan Bà Xà | I164: bà xà | J164: Tên tiệm bánh bông lan là "Bánh Bông Lan Bà Xã". | K164: 0.8 | L164: Sai dấu thanh | M164: Có | N164: Không | Q164: Nhãn 'Bánh Bông Lan Bà Xã'; B2 sai dấu 'bà xà'.
A165: 164 | B165: vitextvqa | C165: test_35887 | D165: unknown | E165: 11936.jpg | F165: cửa hàng nằm bên phải hotgirl shop có tên gì ? | G165: pé bùm | H165: Boutique Bum | I165: b & bum boutique | J165: Cửa hàng nằm bên phải Hotgirl Shop có tên là "PeBum". | K165: 0 | L165: Đọc chữ sai (OCR) | M165: Không | N165: Không | Q165: Biển 'Pé Bùm BOUTIQUE'; B2 đọc thành 'b & bum boutique'.
A166: 165 | B166: vitextvqa | C166: test_15580 | D166: unknown | E166: 5189.jpg | F166: bức hình đề cập đến điều gì ? | G166: chợ sale sài gòn | H166: Bức hình đề cập đến các món ăn như sushi và các loại trái cây. | I166: chợ sài gòn | J166: bức hình đề cập đến các món ăn như sushi và các loại thức ăn ngọt. | K166: 0.688 | L166: Định dạng / độ dài (ý đúng) | M166: Có | N166: Không | Q166: Logo 'Chợ Sale Sài Gòn'; B2 thiếu chữ 'sale'.
A167: 166 | B167: vitextvqa | C167: test_29047 | D167: unknown | E167: 9642.jpg | F167: thành phố cách địa điểm này 87km là thành phố gì ? | G167: tp . đông hà | H167: Đồng Hà City | I167: đông hà | J167: Đồng Hà | K167: 0.7 | L167: Định dạng / độ dài (ý đúng) | M167: Có | N167: Không | Q167: Biển 'TP.ĐÔNG HÀ 87 Km'; B2 thiếu 'tp.'.
A168: 167 | B168: vitextvqa | C168: test_13673 | D168: unknown | E168: 4569.jpg | F168: số điện thoại hotline để liên lạc cho yamaguchi là gì ? | G168: 036 456 8777 - 081 777 6986 | H168: 036 456 8777 | I168: 035 456 8777 081 777 6986 | J168: 036 456 8777 - 081 777 6986 | K168: 0.96 | L168: Đọc chữ sai (OCR) | M168: Không | N168: Không | Q168: Hotline 036 456 8777 - 081 777 6986; B2 đọc sai 1 chữ số (035).
A169: 168 | B169: vitextvqa | C169: test_36888 | D169: unknown | E169: 12322.jpg | F169: nhà thiết kế cho trang phục tên gì ? | G169: thủy nguyễn | H169: Thúy Nguyễn | I169: thúy nguyễn | J169: NTK Thúy Nguyễn | K169: 0.909 | L169: Sai dấu thanh | M169: Không | N169: Không | Q169: 'NTK: THỦY NGUYỄN'; B2 'thúy' là một tên khác.
A170: 169 | B170: vitextvqa | C170: test_2424 | D170: unknown | E170: 909.jpg | F170: tấm băng rôn chính giữa bức hình chào mừng ngày nào ? | G170: di sản văn hóa việt nam | H170: Chào mừng ngày Di sản Văn hóa Việt Nam. | I170: đi săn văn hóa việt nam | J170: Ngày di sản văn hóa Việt Nam | K170: 0.913 | L170: Sai dấu thanh | M170: Không | N170: Không | Q170: Băng rôn 'Ngày Di sản Văn hóa Việt Nam'; B2 'đi săn' đổi hẳn nghĩa.
A171: 170 | B171: vitextvqa | C171: test_48993 | D171: unknown | E171: 16329.jpg | F171: gian hàng ở chính giữa là của chương trình gì ? | G171: ngập tràn ưu đãi | H171: Chương trình 7x7 | I171: chuyên mua | J171: Gian hàng ở chính giữa là của chương trình khuyến mãi. | K171: 0 | L171: Sai vùng / không có trong ảnh (hallucination) | M171: Không | N171: Không | Q171: Gian hàng giữa ghi 'NGẬP TRÀN ƯU ĐÃI'; B2 lấy chữ khác trên kệ ('khuyến mại' / 'chuyên…').
A172: 171 | B172: vitextvqa | C172: test_39645 | D172: unknown | E172: 13268.jpg | F172: đăng ký mã qr địa điểm qua mấy bước ? | G172: đăng ký mã qr địa điểm qua 2 bước | H172: 2 bước. | I172: 2 bước | J172: Đăng ký mã QR địa điểm qua 2 bước sau: Đăng ký thông tin và Hoàn thành. | K172: 0 | L172: Định dạng / độ dài (ý đúng) | M172: Có | N172: Không | Q172: B2 '2 bước' đúng; gold chép nguyên câu.
A173: 172 | B173: vitextvqa | C173: test_393 | D173: unknown | E173: 133.jpg | F173: đây là buổi lễ gì ? | G173: lễ ra mắt | H173: Lễ ra mắt Ban Quản lý Hồ Hoàn Kiếm và Phố cổ Hà Nội. | I173: ra mắt | J173: Lễ ra mắt Ban Quản lý Hồ Hoàn Kiếm và Phó cơ Hà Nội | K173: 0.667 | L173: Định dạng / độ dài (ý đúng) | M173: Có | N173: Không | Q173: B2 thiếu chữ 'lễ'; đúng ý.
A174: 173 | B174: vitextvqa | C174: test_5981 | D174: unknown | E174: 2068.jpg | F174: đây là cơ sở mấy ? | G174: cơ sở 2 | H174: 2 | I174: 2 | J174: Cơ sở 2 | K174: 0 | L174: Định dạng / độ dài (ý đúng) | M174: Có | N174: Không | Q174: B2 '2' đúng; gold 'cơ sở 2'.
... A191: 190 | B191: vitextvqa | C191: test_7657 | D191: unknown | E191: 2630.jpg | F191: những cầu thủ trong hình thuộc biên chế câu lạc bộ nào ? | G191: hoàng anh gia lai | H191: CLB Bóng Đá Hoàng Anh Gia Lai | I191: clb bóng đá hoàng anh gia lai | J191: Câu lạc bộ bóng đá Hoàng Anh Gia Lai | K191: 0.586 | L191: Định dạng / độ dài (ý đúng) | M191: Có | N191: Không | Q191: B2 chép 'clb bóng đá hoàng anh gia lai'; đúng ý, thừa chữ.
A192: 191 | B192: vitextvqa | C192: test_7937 | D192: unknown | E192: 2718.jpg | F192: tại quầy hàng của lullaby đang có chương trình gig ? | G192: giảm giá đến 50 % cho tất cả hàng | H192: Đúng | I192: giảm giá | J192: Chương trình giảm giá 50% | K192: 0 | L192: Định dạng / độ dài (ý đúng) | M192: Có | N192: Không | Q192: Banner 'GIẢM GIÁ ĐẾN 50% CHO TẤT CẢ HÀNG'; B2 chỉ nói 'giảm giá', thiếu mức 50% (cần xem lại). | R192: X
A193: 192 | B193: vitextvqa | C193: test_3222 | D193: unknown | E193: 1175.jpg | F193: đại chỉ của nhà cổ ở đâu ? | G193: nguyen thi minh khai - hoi an | H193: Đại chỉ của nhà cổ là 45 Nguyễn Thi Minh Khai, Huế. | I193: 4 - nguyễn thị mến khai - hiếu an | J193: Hoàn An, Việt Nam | K193: 0.69 | L193: Đọc chữ sai (OCR) | M193: Không | N193: Không | Q193: Biển 'No 4 Rue NGUYEN THI MINH KHAI - HOI AN'; B2 đọc sai 'mến khai', 'hiếu an'.
A194: 193 | B194: vitextvqa | C194: test_400 | D194: unknown | E194: 135.jpg | F194: bức hình này được lấy ở đâu ? | G194: thắng nguyễn | H194: Quảng Ninh | I194: thường xuyên | J194: Bức hình này được lấy ở Bảo tàng Quảng Ninh và Thư viện Quảng Ninh. | K194: 0.583 | L194: Đọc chữ sai (OCR) | M194: Không | N194: Không | Q194: Watermark chữ viết tay 'Thắng Nguyễn'; B2 đọc thành 'thường xuyên'.
A195: 194 | B195: vitextvqa | C195: test_49229 | D195: unknown | E195: 16385.jpg | F195: tên loại máy hút ẩm bên trái ? | G195: fujie | H195: Máy hút ẩm COOP Golddiet | I195: hưng gia | J195: Không thể xác định được tên của máy hút ẩm bên trái trong hình ảnh. | K195: 0 | L195: Đọc chữ sai (OCR) | M195: Không | N195: Không | Q195: Tên máy hút ẩm nằm trên màn hình rất nhỏ góc trái; không thấy 'hưng gia' trong ảnh (cần xem lại). | R195: X
A196: 195 | B196: vitextvqa | C196: test_28365 | D196: unknown | E196: 9430.jpg | F196: lê hàn quốc có giá bao nhiêu ? | G196: 109 . 900 đ | H196: 109.900 đ/Kg | I196: 109 . 900 đ / kg | J196: Lê Hàn Quốc có giá 109.900 đồng/kg. | K196: 0.75 | L196: Định dạng / độ dài (ý đúng) | M196: Có | N196: Không | Q196: B2 '109.900 đ/kg' đúng, thừa '/kg'.
A197: 196 | B197: vitextvqa | C197: test_17799 | D197: unknown | E197: 5930.jpg | F197: cửa hàng này có tên là gì ? | G197: vinh đinh | H197: Chợ đêm Hạ Long | I197: dinh dinh | J197: Cửa hàng này có tên là "Dinh Dinh". | K197: 0.778 | L197: Đọc chữ sai (OCR) | M197: Không | N197: Không | Q197: Biển 'Vinh Đinh'; B2 đọc thành 'dinh dinh'.
A198: 197 | B198: vitextvqa | C198: test_28640 | D198: unknown | E198: 9527.jpg | F198: nguồn của bức ảnh này là gì ? | G198: kenh14 . vn | H198: Bức ảnh này được chụp tại một chợ ở Việt Nam. | I198: kem14 . vn | J198: kennl4.vn | K198: 0.778 | L198: Đọc chữ sai (OCR) | M198: Không | N198: Không | Q198: Watermark 'kenh14.vn'; B2 đọc thành 'kem14.vn'.
A199: 198 | B199: vitextvqa | C199: test_28159 | D199: unknown | E199: 9365.jpg | F199: khu nghỉ dưỡng này ở đâu ? | G199: cat ba | H199: Đà Nẵng | I199: cat ba beach resort | J199: Khu nghỉ dưỡng này ở Cat Ba Beach Resort. | K199: 0 | L199: Định dạng / độ dài (ý đúng) | M199: Có | N199: Không | Q199: B2 chép đủ 'cat ba beach resort'; đúng ý.
A200: 199 | B200: vitextvqa | C200: test_19929 | D200: unknown | E200: 6675.jpg | F200: mọi người đang đứng ở bàn nào ? | G200: đọc sách | H200: Bàn đọc sách | I200: bán đọc sách | J200: Bàn đọc sách | K200: 0.667 | L200: Sai dấu thanh | M200: Không | N200: Không | Q200: Biển 'BÀN ĐỌC SÁCH'; B2 sai dấu 'bán' (bàn → bán) đổi nghĩa.
A201: 200 | B201: vitextvqa | C201: test_41451 | D201: unknown | E201: 13849.jpg | F201: ảnh lấy nguồn từ đâu ? | G201: tranh treo tường amia . com | H201: Đất nước Việt Nam. | I201: tranh treo tùng amia . com | J201: Ảnh lấy nguồn từ một bức tranh vẽ cảnh sông nước, nhà cửa, thuyền bè và động vật. | K201: 0.92 | L201: Sai dấu thanh | M201: Có | N201: Không | Q201: Watermark 'Tranh Treo Tường Amia.Com'; B2 sai dấu 'tùng'.
